time/iterations,time/time_elapsed,time/total_timesteps,rollout/ep_rew_mean,time/fps,rollout/ep_len_mean,train/std,train/learning_rate,train/clip_fraction,train/entropy_loss,train/policy_gradient_loss,train/loss,train/n_updates,train/value_loss,train/explained_variance,train/clip_range,train/approx_kl
1,16,2048,4.517626464285714,126,73.07142857142857,,,,,,,,,,,
2,29,4096,4.7158099230769235,136,76.26923076923077,1.0041784048080444,0.0003,0.03447265625,-5.6869559094309805,-0.004379104491090402,0.0038313381373882294,10,0.10103127264883369,-0.23096215724945068,0.2,0.0051363306
3,49,6144,4.510016517647059,123,72.07058823529412,1.0080008506774902,0.0003,0.044287109375,-5.703213024139404,-0.004983264286420308,0.02960912510752678,20,0.15524599060881883,0.004077434539794922,0.2,0.0058114333
4,83,8192,4.463651400000001,98,69.5,1.016108751296997,0.0003,0.035791015625,-5.724418292939663,-0.0044561726826941594,0.07357192039489746,30,0.2856536607723683,-0.008786797523498535,0.2,0.004836916
5,103,10240,4.417647,98,67.97,1.0214933156967163,0.0003,0.054736328125,-5.7518809109926226,-0.004115716005617287,0.02329474687576294,40,0.25630837241187693,0.05335676670074463,0.2,0.0067251385
6,116,12288,4.47538291,105,68.88,1.0251474380493164,0.0003,0.02529296875,-5.77148820310831,-0.0029852605148334987,0.11684178560972214,50,0.4462349089793861,0.0821179747581482,0.2,0.0045743985
7,125,14336,5.1807080800000005,114,81.19,1.0306801795959473,0.0003,0.0423828125,-5.785183402895927,-0.004157327550638001,0.061399444937705994,60,0.2702192816650495,0.27584123611450195,0.2,0.0041516162
8,142,16384,5.43946051,115,87.12,1.0275088548660278,0.0003,0.05029296875,-5.786244769394398,-0.0054631021921522915,-0.03205746039748192,70,0.12355747766850982,0.545884907245636,0.2,0.006438454
9,151,18432,5.917285269999999,121,95.33,1.0361884832382202,0.0003,0.058544921875,-5.80038036108017,-0.005648739934258629,0.2324720323085785,80,0.585460448730737,0.1381475329399109,0.2,0.0064890063
10,167,20480,5.886805909999998,122,95.05,1.0498138666152954,0.0003,0.02373046875,-5.844602456688881,-0.0014878880698233842,0.009624022990465164,90,0.26600368606159464,0.28339648246765137,0.2,0.0037688056
11,178,22528,6.1298914899999986,126,99.44,1.0494650602340698,0.0003,0.038818359375,-5.869613486528396,-0.003972285382042173,0.20700868964195251,100,0.6926521839573979,0.19879084825515747,0.2,0.0053083617
12,194,24576,5.69475469,126,91.88,1.0618655681610107,0.0003,0.06259765625,-5.895311185717583,-0.004041731887264177,0.08330662548542023,110,0.37533291867002844,0.36320066452026367,0.2,0.007196225
13,209,26624,5.573663829999999,127,89.52,1.0684703588485718,0.0003,0.045654296875,-5.927560018002987,-0.004285181213344913,0.2065363973379135,120,0.6818383298814297,0.36831337213516235,0.2,0.004912569
14,222,28672,5.6928368,128,91.34,1.082809329032898,0.0003,0.025244140625,-5.967993468046188,-0.0028413176274625584,0.35543087124824524,130,0.46943090539425614,0.39625418186187744,0.2,0.0047706147
15,232,30720,5.820181330000001,132,93.1,1.0931851863861084,0.0003,0.052587890625,-6.014945934712887,-0.0033044153700757307,0.10462407022714615,140,0.43538515898399055,0.5685828924179077,0.2,0.005062492
16,243,32768,6.03317213,134,96.62,1.102389931678772,0.0003,0.03740234375,-6.048847958445549,-0.0018064692601910792,0.08017158508300781,150,0.29322153446264565,0.5571639537811279,0.2,0.005510518
17,273,34816,6.129368520000001,127,98.98,1.1059178113937378,0.0003,0.03857421875,-6.070338317751885,-0.0035395650455029683,0.13422614336013794,160,0.3600936003727838,0.42483532428741455,0.2,0.0044839196
18,286,36864,6.052220479999999,128,97.55,1.1144447326660156,0.0003,0.03408203125,-6.092458738386631,-0.0035883934397134,0.1725953370332718,170,0.6790744652505964,0.3092898726463318,0.2,0.0040229494
19,299,38912,6.05941999,129,97.4,1.1246062517166138,0.0003,0.02626953125,-6.128244735300541,-0.0016362372800358572,0.2042972892522812,180,0.5744493600446731,0.25947046279907227,0.2,0.004944061
20,315,40960,5.45395537,129,86.92,1.130239486694336,0.0003,0.0677734375,-6.154144230484962,-0.006117890911264112,0.06422779709100723,190,0.45525407763198017,0.4286802411079407,0.2,0.009460716
21,347,43008,5.44846564,123,86.65,1.1199277639389038,0.0003,0.04375,-6.144088894128799,-0.005624185435590334,0.28578296303749084,200,0.6721687848679722,0.2425687313079834,0.2,0.0045638983
22,361,45056,5.86071663,124,93.62,1.1302313804626465,0.0003,0.031396484375,-6.1456748127937315,-0.003283352064318024,0.06799609214067459,210,0.35843656440265476,0.46904122829437256,0.2,0.006754142
23,371,47104,6.255279519999999,126,98.83,1.1361255645751953,0.0003,0.043798828125,-6.175427770614624,-0.0031378104016766884,0.09711785614490509,220,0.4451264474308118,0.22695773839950562,0.2,0.006226875
24,385,49152,6.31342218,127,100.02,1.1442265510559082,0.0003,0.070458984375,-6.198472429811955,-0.006114104559310362,0.04610724747180939,230,0.21752250427380204,0.5447577834129333,0.2,0.0060921796
25,402,51200,6.167714640000001,127,98.33,1.1526368856430054,0.0003,0.048388671875,-6.230896167457104,-0.0036684420010715257,0.1322425901889801,240,0.4773955756332725,0.4745026230812073,0.2,0.006969046
26,424,53248,5.547309980000001,125,86.23,1.168006420135498,0.0003,0.043408203125,-6.268153187632561,-0.004788841548725031,0.30477234721183777,250,0.7176354038529098,0.256384015083313,0.2,0.0064866524
27,444,55296,4.538430700000001,124,70.49,1.1632287502288818,0.0003,0.047998046875,-6.283562771975994,-0.0049281992192845795,0.1006760522723198,260,0.5095446782186628,0.5540724992752075,0.2,0.006651288
28,460,57344,4.272354000000002,124,67.11,1.1694331169128418,0.0003,0.038525390625,-6.288982008397579,-0.004173784630256705,0.3580571413040161,270,0.7018051696009934,0.3889029026031494,0.2,0.005779053
29,472,59392,4.66419591,125,73.91,1.1778136491775513,0.0003,0.0291015625,-6.314946056902409,-0.0026483223220566286,0.20288126170635223,280,0.7061281286180019,0.2780662775039673,0.2,0.004132852
30,499,61440,4.51358731,122,72.13,1.1911077499389648,0.0003,0.032763671875,-6.348355403542518,-0.0027482825535116717,0.16860884428024292,290,0.38794910265132787,0.5205280184745789,0.2,0.0051892507
31,519,63488,4.496973960000001,122,71.22,1.2010138034820557,0.0003,0.051220703125,-6.390098305046559,-0.004965044997516088,0.16317272186279297,300,0.5576815666630864,0.45802754163742065,0.2,0.0073348307
32,531,65536,4.615373190000001,123,72.24,1.2074403762817383,0.0003,0.043212890625,-6.4184865862131115,-0.0034854342200560497,0.32423654198646545,310,0.5737430507317185,0.31054502725601196,0.2,0.0049934196
33,543,67584,4.953651460000001,124,78.14,1.2095237970352173,0.0003,0.08740234375,-6.430448123812676,-0.008177291454921942,0.04678671807050705,320,0.20475492670666426,0.6148207187652588,0.2,0.007200838
34,572,69632,5.375968879999999,121,86.14,1.2282136678695679,0.0003,0.034375,-6.464313788712024,-0.002678886370267719,-0.03050563484430313,330,0.22715032058767975,0.654145359992981,0.2,0.0046826946
35,588,71680,5.687618099999998,121,92.73,1.2297013998031616,0.0003,0.02333984375,-6.498020331561565,-0.0022794744960265233,0.09525132179260254,340,0.37275570675265046,0.6095901727676392,0.2,0.005036534
36,600,73728,5.7808984,122,94.07,1.2315752506256104,0.0003,0.06416015625,-6.504518167674542,-0.005963496751792263,0.16210594773292542,350,0.5548278794623911,0.4076918959617615,0.2,0.0065764403
37,611,75776,5.9271807,123,96.82,1.2308118343353271,0.0003,0.04970703125,-6.50663755685091,-0.003435125164105557,0.029447458684444427,360,0.4559435317292809,0.4772137999534607,0.2,0.005226151
38,625,77824,5.82458744,124,94.87,1.240533709526062,0.0003,0.076513671875,-6.5208498880267145,-0.006785542816214729,0.09591126441955566,370,0.3546576913096942,0.36647963523864746,0.2,0.00818938
39,637,79872,5.69758871,125,92.47,1.2426178455352783,0.0003,0.036572265625,-6.538340274989605,-0.003916959401976783,0.019094713032245636,380,0.3258022081805393,0.6969257593154907,0.2,0.0047496418
40,649,81920,6.10992104,126,99.08,1.24200439453125,0.0003,0.058984375,-6.537994222342968,-0.003912253957241774,0.013177897781133652,390,0.2780343234073371,0.6814795136451721,0.2,0.0061816624
41,660,83968,6.3329534999999995,127,103.15,1.2536786794662476,0.0003,0.027294921875,-6.556549280881882,-0.003241114724369254,0.162004292011261,400,0.37749199867248534,0.5313382148742676,0.2,0.0059414813
42,676,86016,5.96584251,127,95.14,1.2606267929077148,0.0003,0.0578125,-6.5823958814144135,-0.004586329035373637,0.13823959231376648,410,0.3742896346142516,0.5112440586090088,0.2,0.006741056
43,687,88064,6.208518959999999,128,99.71,1.2793340682983398,0.0003,0.0474609375,-6.62618745714426,-0.004568470454250928,0.09989289939403534,420,0.2728851806838065,0.7713467478752136,0.2,0.0062162234
44,699,90112,6.38753436,128,103.39,1.2856552600860596,0.0003,0.06240234375,-6.662571837008,-0.0033663279929896815,-0.0012514591217041016,430,0.22875167577294633,0.6710090637207031,0.2,0.00446486
45,709,92160,6.567739169999999,129,105.98,1.2868093252182007,0.0003,0.039453125,-6.674133422970772,-0.002753486257279292,0.0732479840517044,440,0.29083538718987256,0.4573472738265991,0.2,0.004697043
46,728,94208,5.572009020000001,129,88.55,1.3138859272003174,0.0003,0.05341796875,-6.720036129653454,-0.004542408938868902,0.005818352103233337,450,0.29059939953731373,0.5135495662689209,0.2,0.0058134133
47,740,96256,5.92335931,129,94.99,1.3232879638671875,0.0003,0.04130859375,-6.774688304960728,-0.003583716334833298,0.2255302369594574,460,0.6113432013429702,0.04536193609237671,0.2,0.004421748
48,757,98304,5.517016770000001,129,87.31,1.3267607688903809,0.0003,0.033984375,-6.795158849656582,-0.001970422033627983,0.0744885504245758,470,0.3222239337395877,0.562603235244751,0.2,0.00465156
49,769,100352,5.28871115,130,83.74,1.317484736442566,0.0003,0.0359375,-6.785973642766476,-0.0030233355006203055,0.08796428889036179,480,0.39114916501566765,0.4810459613800049,0.2,0.0053627314
