#{"t_start": 1775033592.2373734, "env_id": "None"}
r,l,t
0.828539,14,2.902766
1.942431,32,3.440969
0.266798,10,4.000667
12.084073,225,4.603368
0.178262,6,5.166795
0.393185,52,5.749279
1.234507,36,6.294568
0.250853,28,6.859027
1.20938,26,7.392835
12.822909,240,8.026477
0.44654,30,8.561914
0.692472,30,9.128833
12.528851,240,9.726171
0.323382,5,10.287395
12.963208,240,10.929232
0.149323,20,11.46
1.579528,64,12.040741
1.073988,17,12.576553
2.517954,40,13.151047
0.585986,15,13.676908
1.491227,68,14.260296
0.515222,11,14.826668
12.813645,240,15.439746
0.115517,52,16.024276
6.503967,116,16.609772
0.678955,86,17.218093
0.293435,16,17.746776
0.339864,6,18.311647
0.874569,12,18.880918
6.165173,113,19.94541
0.462305,9,20.479792
0.175424,6,21.045852
3.78495,68,21.601612
1.650641,29,22.154291
4.833591,89,22.70919
0.539836,46,23.278106
1.408877,10,23.816032
8.790979,88,24.407354
1.077132,7,24.982814
1.953143,59,25.533719
2.677875,31,26.108828
5.884171,103,26.666157
7.17205,132,27.274292
2.692438,13,27.80406
2.855676,11,28.386824
0.33727,9,28.91994
2.578542,47,29.499507
1.352162,33,30.062484
9.167011,129,30.626907
1.999558,18,31.19147
0.122054,49,31.73601
3.44593,59,32.322136
0.72062,27,32.863427
0.610884,8,33.423388
4.264538,90,33.98287
3.161166,57,34.556651
12.813549,240,35.196289
3.736415,41,35.735811
0.345966,14,36.293869
0.923576,26,36.831728
1.361548,6,37.392526
5.358509,23,37.931412
7.649864,142,38.538695
3.249127,19,39.064331
0.379324,21,39.632516
3.518555,25,40.20029
1.244916,6,40.728191
1.388218,36,41.304909
0.297253,20,41.833505
0.175025,15,42.399064
0.321005,7,42.930096
0.988276,10,43.497899
0.290523,16,44.033572
0.234896,7,44.597828
0.288139,25,45.170963
0.184597,17,45.701904
0.278036,8,46.285363
0.129333,38,46.826945
0.205525,7,47.383529
12.800548,240,48.479748
0.603831,16,49.004092
12.813477,240,49.64252
2.881496,23,50.207755
0.689964,21,50.740767
0.20966,25,51.309411
2.48114,41,51.848509
10.268856,191,52.463877
6.756667,123,54.216055
2.599941,43,54.784345
4.186501,10,55.341047
12.752579,240,55.948584
2.054533,36,56.51701
5.208414,94,57.069168
1.74113,31,57.633078
1.124501,5,58.157642
0.176247,9,58.726105
0.286201,6,59.259082
1.229596,13,59.828917
6.38677,117,60.429005
0.43583,12,60.962971
1.152771,7,61.528046
1.21372,23,62.067285
12.812414,240,62.708172
5.133886,16,63.232567
1.994995,36,63.80573
0.405188,38,64.340244
0.404652,25,64.90351
3.845345,72,65.484924
7.502227,25,66.020583
0.136158,44,67.108898
1.097402,94,67.693856
10.886928,202,68.27774
0.437409,51,68.830362
0.268118,5,69.366745
12.868572,240,70.007643
10.127588,187,70.626274
1.156488,80,71.158341
0.615921,12,71.720753
7.069321,130,72.290739
1.432365,7,72.85352
0.393014,22,73.392589
0.210075,20,73.958664
3.821443,67,74.507023
12.808533,240,75.126219
1.703218,26,75.697893
0.149531,5,76.22249
0.376155,47,76.80217
0.642372,7,77.324362
0.189352,27,77.898285
0.138621,20,78.428726
0.226826,13,78.993691
0.23516,5,79.508027
3.634659,63,80.093821
0.303481,30,80.6673
0.581219,99,81.222301
1.228107,35,81.786385
12.271726,240,82.383911
0.150363,39,82.955221
0.150836,14,83.480998
1.418133,20,84.538994
5.382796,100,85.126676
1.004553,56,85.725499
12.798855,240,86.319896
0.420827,5,86.880473
1.447521,27,87.421609
0.311312,87,88.007472
0.363753,5,88.531685
5.873561,108,89.152668
0.629437,10,89.684638
2.246702,38,90.24334
0.105305,35,90.810521
14.532848,102,91.366763
1.723951,186,91.990228
12.813177,240,92.594929
0.176583,24,93.15948
12.821253,240,93.761973
0.210178,27,94.32715
6.994401,129,94.894429
3.728895,41,95.431539
0.354531,29,95.747279
8.275259,152,97.50825
8.034071,41,98.084303
0.30765,22,98.611628
0.259162,10,99.174758
0.242341,61,99.724878
0.236925,42,100.79527
0.799591,11,101.361477
12.816855,240,102.018656
8.787094,158,102.591325
11.919358,222,103.227851
8.441602,160,103.575473
0.128817,116,104.178689
0.279384,7,104.711903
0.437448,14,105.182976
0.194591,6,105.711901
0.241562,4,106.263904
0.674939,4,106.779662
9.303047,30,107.271382
0.93287,23,107.802094
0.259561,89,108.357265
0.218581,7,108.897812
0.802679,19,109.468395
0.230069,12,110.000059
0.633397,28,110.538457
12.808588,240,111.171623
0.377763,32,111.707756
0.650425,24,112.272251
0.143646,6,112.800397
11.531121,212,113.430718
0.94417,12,113.953527
0.293083,30,114.5259
0.146887,16,115.055404
1.745117,55,115.634886
2.163289,73,116.190644
2.901372,14,116.72243
0.8613,23,117.258944
0.593292,11,117.788955
5.394359,92,118.34826
12.812052,240,119.472232
1.751775,40,120.016787
0.367974,6,120.573335
0.276971,4,121.106294
5.709539,105,121.705244
0.435765,6,122.241903
10.361859,192,122.819341
1.769058,8,123.342816
0.411512,54,123.87405
6.241729,110,124.441705
0.412631,14,125.012268
0.194781,35,125.554724
0.3137,27,126.08466
6.894027,13,126.646685
0.610109,54,127.193293
2.494118,35,127.771
1.902479,24,128.301424
12.277075,229,128.931994
0.65295,126,129.501581
5.859328,105,130.094496
4.251841,76,130.63714
12.802571,240,131.235972
0.711121,32,131.773509
12.888065,240,132.372291
0.353327,6,132.89928
0.563766,72,133.453282
8.659098,179,134.529176
1.817951,28,135.057807
2.158172,26,135.625527
0.545075,12,136.154655
0.554285,44,136.73072
2.257554,24,137.258236
6.748323,11,137.788129
8.546113,157,138.368206
4.371788,78,138.960738
0.710088,12,139.491254
8.5021,93,140.0868
0.922005,16,141.801625
5.615773,100,142.35407
0.626361,8,142.89118
4.967211,35,143.433303
12.816665,240,144.031215
2.103457,36,144.567815
4.018088,70,145.112841
0.245199,41,145.653488
9.628851,178,146.229549
0.565813,6,146.760109
8.822066,176,147.346756
1.920442,39,147.887976
1.142263,101,148.442499
0.354525,16,148.981486
1.658682,27,149.519183
0.874324,23,150.051441
3.155291,57,150.59581
0.221975,5,151.129716
1.636828,28,151.670972
0.376981,19,152.201789
12.803193,240,153.395529
0.834379,29,153.923709
3.609951,63,154.468143
0.497747,18,155.003621
2.603153,45,155.548727
12.79894,240,156.156238
0.249387,24,156.69045
1.240491,24,157.223923
10.792707,200,157.811728
0.239073,9,158.336955
6.136683,61,158.886479
12.813987,146,159.463045
4.375159,20,159.991587
0.26929,8,160.521407
4.53464,20,161.062389
9.750466,182,161.643345
12.79344,240,162.244695
0.196383,5,162.772317
0.310248,90,163.332912
0.208539,11,163.858419
1.549386,29,164.39817
0.162147,16,164.927455
3.564083,66,165.477256
1.745273,13,166.010542
0.18365,6,166.541993
12.81232,240,167.15161
1.264087,22,167.681529
6.508658,41,168.255366
0.943666,25,168.78376
0.286575,8,169.311822
12.807836,240,170.523723
4.596925,52,171.060042
0.281123,25,171.601838
3.888667,70,172.150037
3.331689,86,172.708191
0.312599,90,173.291005
0.134498,7,173.815975
3.76888,90,174.410307
9.084902,171,174.983801
3.813733,29,175.523207
5.478857,101,176.112513
0.357352,17,176.636855
12.755385,240,177.274123
4.815054,89,177.827126
1.972463,35,178.394551
0.361501,6,178.922408
12.795563,240,179.462528
0.152834,6,179.970411
7.192555,130,181.710665
0.751725,24,182.244582
2.750037,47,182.82006
0.229969,16,183.359255
9.423375,174,183.97584
0.121563,22,184.564336
1.275071,22,185.095313
8.36317,154,186.310588
0.211219,4,186.88097
12.951502,240,187.484135
12.807385,240,188.115442
6.120504,107,188.675558
0.424359,12,189.246322
1.851144,35,189.786073
12.769087,240,190.387487
1.576089,27,190.918247
10.269975,190,191.469923
13.593375,234,192.067656
0.941229,10,192.647411
3.618014,38,193.189715
1.529654,45,193.73014
2.190892,41,194.309187
1.050682,28,194.839816
5.291859,18,195.402227
0.991617,6,195.932192
5.85317,22,196.504143
0.273704,34,197.041505
12.830441,240,197.671519
1.57981,28,198.207625
6.905485,127,198.755187
3.892814,67,199.791858
0.224969,22,200.324929
1.33157,42,200.899777
0.468821,58,201.452695
0.192157,10,202.021497
2.165766,37,202.564094
12.93248,240,203.128889
0.639175,11,203.656573
1.213722,44,204.234449
2.147986,41,204.766805
0.985404,37,205.298865
12.808211,240,205.929065
0.601615,22,206.495316
12.243779,158,207.071054
0.269074,26,207.614022
0.206499,9,208.142603
12.812812,240,208.748802
0.382274,34,209.317816
0.966934,14,209.87976
6.173905,111,210.442544
4.765705,87,211.035437
1.325389,30,211.569111
12.800835,240,212.199434
0.126121,9,212.729659
0.684876,11,213.264123
1.02779,16,213.749372
12.799079,240,214.845386
3.53705,15,215.38528
12.33821,240,216.021049
14.766259,40,216.559529
0.751091,6,217.115273
0.475304,5,217.648557
12.880801,240,218.76874
12.806529,240,219.407697
1.719758,28,219.941417
1.52104,18,220.505457
0.130506,24,221.041402
3.407643,15,221.604931
9.012439,166,222.18575
10.93016,203,222.816859
1.55797,26,223.344562
1.045444,38,223.930602
0.314211,22,224.459549
16.054372,96,225.01649
12.814003,240,225.64635
13.081447,95,226.20042
0.482547,5,226.722374
0.740602,9,227.291036
1.30803,18,227.828324
1.762306,36,228.383312
3.938725,65,228.959915
0.795089,29,229.499151
8.303602,153,230.583479
1.276565,44,231.121284
2.298745,43,231.688157
1.196431,39,232.220577
7.196736,18,232.714452
3.990298,25,233.251514
2.116122,41,233.825329
7.54558,140,234.389383
2.936802,33,234.93918
9.549408,81,235.520481
0.887528,31,236.054263
12.434819,240,236.688687
2.489346,42,237.226096
1.854457,10,237.749288
12.809452,240,238.389267
0.994149,19,238.922302
5.510721,29,239.45666
10.241914,195,240.043285
3.223406,58,240.617109
5.317592,45,241.162952
12.806537,240,241.793553
0.923924,5,242.319479
12.807479,240,242.957294
0.231217,37,243.529451
5.467428,100,244.574382
12.795692,240,245.177866
0.582744,6,245.704252
12.720546,240,246.313223
12.996393,240,246.946762
12.891941,240,247.547633
1.684585,34,248.115
12.758642,240,248.713783
1.63242,26,249.24695
4.796458,84,250.954749
12.805901,240,251.580731
12.767679,240,252.182681
7.642401,18,252.747322
1.460476,10,253.278259
11.013186,127,253.84988
12.807573,240,254.955011
6.464399,120,255.513865
10.04553,180,256.098155
1.203316,31,256.670036
0.42768,8,257.197169
12.801984,240,257.817598
0.861687,54,258.36238
2.365275,40,258.891316
2.047527,33,259.45668
1.626604,27,259.988226
13.104659,240,260.58721
2.238778,37,261.158955
1.460493,19,261.686911
13.098199,240,262.323498
8.258419,150,262.933807
0.264558,39,263.477826
2.570517,53,264.049248
12.807577,240,264.66684
1.435138,87,265.260646
0.47054,18,265.789911
4.271087,19,266.823096
2.647676,45,267.399784
12.806012,240,267.994585
9.267697,173,268.608451
12.800713,240,269.213906
0.622795,10,269.774067
4.610643,81,270.33155
12.676736,240,270.929766
0.170933,10,271.458962
0.400439,15,272.027699
2.041062,33,272.567189
1.773446,29,273.132696
6.648606,122,273.695657
3.000923,51,274.241464
0.119325,5,274.809786
12.696478,240,275.461804
12.804562,240,276.070476
1.323688,41,276.639442
12.718029,240,277.721152
5.485228,26,278.252174
5.206632,95,278.842726
9.753751,180,280.425313
2.050519,41,280.992939
1.680156,32,281.523924
1.552555,77,282.105192
12.793687,240,282.706639
0.388618,13,283.268962
1.486724,22,283.805606
4.675132,81,284.390884
11.17731,207,285.01374
7.839948,24,285.540849
1.162099,38,286.112171
6.627507,123,286.672554
0.146339,7,287.203346
0.194923,8,287.77242
0.164997,22,288.309336
0.352526,6,288.870793
4.310935,78,289.427779
2.133517,35,289.966316
1.294526,102,290.51825
1.603947,27,291.079783
1.767601,42,291.617621
0.568913,51,292.187747
0.271249,13,292.726286
2.797212,49,293.272502
0.76094,42,293.855152
2.834501,32,294.383559
0.464517,11,294.94387
0.496416,51,295.491107
5.42651,99,296.089996
10.024193,240,297.173693
0.261749,11,297.696689
0.411635,9,298.16258
0.633112,9,298.696171
6.81861,126,299.300181
2.241255,37,299.841469
12.80406,240,300.468355
0.187524,5,301.03018
2.004839,25,301.55374
8.468465,154,302.160825
1.342783,9,302.682557
2.398844,39,303.259779
1.892477,32,303.791003
0.452037,11,304.320599
2.401767,22,304.859114
1.998058,32,305.426135
2.115538,35,305.960563
0.627378,8,306.535526
0.30053,22,307.073738
0.237485,32,307.644321
12.442318,233,308.238898
2.098953,43,308.782052
0.14398,7,309.338429
12.993816,240,309.976889
0.561083,6,310.504615
8.046812,152,311.117914
12.799436,240,311.714486
0.214413,6,312.205964
12.796159,240,313.306771
0.378213,35,313.851227
0.425095,19,314.411988
2.029076,52,314.9565
12.804578,240,315.611114
1.148238,39,316.153692
3.782504,63,316.694734
0.145137,19,317.264693
5.961506,109,317.826205
0.237495,23,318.36754
1.736781,29,318.902086
12.801177,240,319.53585
2.192125,43,320.074231
12.794739,240,321.666256
5.256034,23,322.202848
1.659937,27,322.737307
12.795043,240,323.371043
1.517771,26,323.937587
0.796678,7,324.465419
11.66499,216,324.981139
12.797833,240,325.58885
0.561977,53,326.164627
5.093375,20,327.199958
1.014713,8,327.751917
0.100993,15,328.288167
2.782955,47,328.850992
6.651897,30,329.393681
12.806422,240,330.030415
1.920084,22,330.558887
1.539273,33,331.129063
12.794237,240,331.727485
11.765596,240,332.3624
1.655298,26,332.878399
11.273203,207,333.502779
12.842949,240,334.098165
0.72474,5,334.65764
12.911606,240,335.264538
3.402644,59,335.84234
12.8153,240,336.49279
0.204642,8,337.026155
2.93961,46,337.571984
12.805624,240,338.605087
12.83732,240,339.23957
12.649064,240,339.835237
4.669908,46,340.407037
1.631355,27,340.934831
13.388825,240,341.517873
1.997604,73,342.067007
1.77792,8,342.630435
0.249967,45,343.175683
1.700315,31,343.721473
1.529749,8,344.248447
0.130586,7,344.815852
1.143447,22,345.355968
12.694587,240,345.988616
6.893694,126,346.553085
12.795785,240,347.186584
12.843614,240,347.757606
2.353235,57,349.288522
1.113897,30,350.314811
20.137943,110,350.869213
4.33402,79,351.459787
7.443284,21,351.992113
1.475262,17,352.524489
4.50731,27,353.094795
12.797271,240,353.692501
8.891662,164,354.254177
12.789689,240,354.861126
12.746256,240,355.495515
11.423076,213,356.086974
9.65163,176,356.693992
12.813869,240,357.296815
12.849076,240,357.929421
11.594408,223,359.047663
7.607244,142,359.619406
1.452558,31,360.184704
1.43964,16,360.715741
9.941482,162,361.328183
11.153034,208,361.923134
1.014573,11,362.446443
7.790422,33,362.987014
0.7915,5,363.545302
1.716352,29,364.086721
10.769327,192,364.7071
2.093072,35,365.239896
6.700673,124,365.836862
1.954031,36,366.407718
0.258217,7,366.932464
1.282375,30,367.506463
2.581775,92,368.059801
0.673895,15,368.61957
12.794638,240,369.224412
4.988166,92,369.811594
12.617742,240,370.407635
12.81458,240,371.466742
13.286503,240,372.077454
9.927062,181,372.691557
12.793509,240,373.294259
6.278666,115,374.987028
8.993458,166,375.573224
1.67418,26,376.147161
0.418142,27,376.714077
12.799652,240,377.313896
1.121488,23,377.747543
12.805144,240,378.348161
12.799672,240,378.981446
4.626999,84,379.534133
12.792459,240,380.674543
2.210434,26,381.2509
2.37984,39,381.787396
5.751925,103,382.374591
12.686785,240,382.968242
1.653745,27,383.501407
12.80113,240,384.135619
2.265365,38,384.391096
1.978949,29,384.919661
12.859762,240,385.555617
2.254515,36,386.091948
2.363513,20,386.65249
12.819649,240,387.254917
2.340436,25,387.821497
12.717447,240,388.423162
7.092962,128,389.022051
6.785036,125,389.587572
0.991616,27,390.107242
12.78096,240,391.239849
0.211414,8,391.821279
12.770149,240,392.426515
12.796322,240,392.96876
1.291394,27,393.492946
0.223253,27,394.061233
0.108026,17,394.591833
12.797411,240,395.211841
9.75031,183,395.794137
12.805601,240,396.428372
1.257276,146,396.998145
12.789548,240,398.704807
7.15124,31,399.232383
2.34684,45,399.803593
12.77706,240,400.903849
12.791462,240,401.515691
13.285593,240,402.149544
0.478696,7,402.678147
3.603654,65,403.263841
1.826751,25,403.800225
12.77458,240,404.433711
12.78908,240,405.03544
1.599598,27,405.586051
11.340763,213,406.19568
9.841371,180,406.78711
13.039075,240,407.42087
0.335953,6,407.947479
1.295741,45,408.526444
4.420269,17,409.053841
9.187842,163,409.631177
11.942398,240,410.776239
12.784291,240,411.405711
12.697051,240,412.006136
12.797987,240,412.638699
12.792218,240,413.240196
3.095902,27,413.808612
12.78954,240,414.407119
1.978902,36,414.978903
5.011169,94,415.531138
0.606692,9,416.087946
0.431514,6,416.620883
19.604919,55,417.202964
1.039518,92,417.765162
0.37735,46,418.301154
9.793932,184,418.860721
12.763931,240,419.97277
0.129377,48,420.553351
0.465886,24,421.079695
12.788108,240,421.712566
4.776788,87,422.267655
1.072949,19,422.829544
12.779641,240,424.602519
2.042926,39,425.138095
12.391087,230,425.764119
12.789432,240,426.365641
1.991168,38,426.941233
0.169593,12,427.464588
14.385659,240,428.102838
12.788016,68,428.650784
2.133186,35,429.223647
0.438261,30,429.772715
1.86945,35,430.306902
0.250049,22,430.873555
0.454783,5,431.136008
0.928924,19,431.35504
0.620207,185,431.945776
0.309207,13,432.435851
2.628264,48,432.980495
12.792393,240,434.096871
12.986346,237,434.693709
7.217291,135,435.293031
6.559713,121,435.854273
1.232219,8,436.387525
12.787697,240,436.993278
12.815949,240,437.578733
1.588866,27,438.144285
0.183497,10,438.671964
2.397228,24,439.210154
12.787866,240,439.811651
12.815161,240,440.411383
1.987184,38,440.949353
2.300149,30,441.48068
0.252292,9,442.007997
0.25865,18,442.544144
0.258038,23,443.079606
11.599509,219,444.164684
3.094133,49,444.705914
2.93906,16,445.229239
2.041412,37,445.769823
12.78885,240,446.366936
12.068483,188,446.951582
5.246846,19,447.333668
1.785747,29,447.903023
1.84402,24,448.434129
12.791602,240,449.037307
2.395111,42,449.574268
13.013006,240,450.168857
0.422512,9,450.698482
1.68019,28,451.237367
12.792609,240,451.837161
12.784992,240,453.422761
12.788247,240,454.023784
12.809129,240,455.100722
12.780029,240,455.708876
0.831672,145,456.277705
2.078213,38,456.81277
8.949751,162,457.38425
13.741539,219,457.984686
12.713032,240,458.628765
0.974391,14,459.023246
7.675617,139,459.596541
12.761147,240,460.194177
1.970995,33,460.730425
2.985505,54,461.270665
12.786238,240,461.879588
3.213274,62,462.423679
12.761998,240,463.514145
6.829772,128,464.078992
1.920539,23,464.613274
13.258993,240,465.214336
12.783028,240,465.81494
4.798297,17,466.346172
3.447957,59,466.864715
1.591871,27,467.400384
6.687049,110,467.994278
12.783656,240,468.600952
2.079935,38,469.138946
0.289103,13,469.69843
0.170044,7,470.229185
12.788739,240,470.834793
1.943227,26,471.369228
1.194197,18,471.901006
12.778475,240,472.502948
0.238033,21,473.036018
2.55721,26,473.571028
12.856984,240,474.758957
12.78769,240,475.354349
0.37907,20,475.887648
12.828153,240,477.585852
12.782337,240,478.190551
12.651377,240,478.790328
0.271055,14,479.321822
12.779438,240,479.925286
0.417733,22,480.493754
6.194326,112,481.054545
12.784686,240,481.657588
6.872483,131,482.226665
4.98981,91,482.781579
2.256167,44,483.316938
12.780638,240,484.48513
3.12156,52,485.021647
12.791167,240,485.642421
12.785011,240,486.246144
12.626306,240,486.847712
12.933882,240,487.44871
1.532954,28,487.982792
8.201536,152,488.554849
12.785298,240,489.147073
0.143449,17,489.68054
12.789419,240,490.281237
2.029619,37,490.821247
2.397074,44,491.359309
4.744447,87,491.922197
12.790691,240,493.013616
12.784447,240,493.619524
12.783011,240,494.220568
3.516198,66,494.767038
5.708981,93,495.325754
12.762077,240,495.92209
12.782698,240,496.522284
12.213082,240,498.125156
1.538533,25,498.657128
12.777943,240,499.256435
3.52185,70,499.806578
8.366814,155,500.381742
2.300794,39,500.913987
2.184979,38,501.924915
12.257956,240,502.531389
0.182198,47,503.069521
12.790144,240,503.658038
1.577246,27,504.194821
1.980733,41,504.716679
0.556677,8,505.239938
12.782016,240,505.855563
12.77116,235,506.460603
3.614742,65,507.014645
13.021387,240,507.614246
12.807153,240,508.213503
1.609985,35,508.751599
12.783055,240,509.347734
0.132665,29,509.883884
12.776003,240,510.968623
7.057384,132,511.534305
12.776602,240,512.132828
1.681864,29,512.669842
1.830042,37,513.2055
12.775856,240,513.821776
12.769551,240,514.419885
0.159436,78,514.986707
12.761946,240,515.586589
1.507425,26,516.120301
0.148434,4,516.647331
12.782359,240,517.254032
1.909978,26,517.788609
1.740005,11,518.317626
12.768544,240,518.921014
12.781739,240,520.117624
1.641346,33,521.268924
1.745253,33,521.810554
0.411732,10,522.337162
12.761778,240,522.943053
12.778594,240,523.5422
12.768441,240,524.143157
12.776667,240,524.778509
0.902486,94,525.332384
5.668673,104,525.885267
1.598482,30,526.413171
0.285266,12,526.94127
1.874688,32,527.481583
1.534132,26,528.046892
12.787455,240,528.644738
12.769091,240,529.24582
1.74341,24,529.780955
1.593269,27,530.315811
0.113761,33,530.851541
7.781997,140,531.997518
0.165801,8,532.527786
12.779423,240,533.132342
12.775076,240,533.732736
0.575951,39,534.272887
2.137236,41,534.806845
7.126932,93,535.356862
2.213056,42,535.926141
12.811245,240,536.520567
8.14558,123,537.083725
13.973639,141,537.655981
12.778119,240,538.252162
12.769543,240,538.852259
3.304114,60,539.399775
12.780239,240,540.597796
2.018711,35,541.142731
12.780875,240,541.737978
1.72608,29,542.275133
2.061353,37,542.811296
12.309065,240,543.408896
12.764273,240,544.006584
2.103861,38,544.546236
1.99379,33,545.079158
12.458728,236,546.463564
2.332454,47,547.002752
12.76831,240,547.596383
2.024316,40,548.116591
1.999939,37,548.649211
12.774607,240,549.246711
12.808,240,549.84803
3.306401,60,550.924795
3.361602,63,551.476636
12.782906,240,552.082397
12.764459,240,552.681373
1.559144,34,553.218855
1.652855,26,553.750166
9.338708,173,554.32894
1.989518,35,554.870629
12.801103,240,555.477916
0.518303,6,556.012352
12.771641,240,556.617908
12.81735,240,557.218891
8.837244,143,557.829081
0.114754,39,558.375279
12.778914,240,558.970739
2.080335,48,559.511458
2.192765,43,560.525332
13.160482,240,561.121321
12.769119,240,561.721376
12.770216,240,562.320843
1.581547,26,562.857289
12.782655,240,563.457106
12.777934,240,564.057513
1.417413,31,564.593797
12.782386,240,565.194715
1.024256,16,565.723122
1.684224,27,566.260425
12.773135,240,566.859615
1.971255,39,567.398043
12.769965,240,569.171462
12.756783,240,569.811816
12.756085,240,570.413181
2.175412,37,570.950224
1.851374,36,571.483689
2.519205,52,572.022557
13.266254,240,572.638233
12.773359,240,573.229755
0.877039,58,573.776705
12.768361,240,574.397657
12.766762,240,574.652718
1.988873,33,575.219651
12.771793,240,575.817717
12.773566,240,576.925442
5.507679,101,577.492989
12.771349,240,578.089663
2.902183,64,578.672709
3.152213,56,579.018196
1.771214,35,579.593369
1.752207,33,580.123348
12.778696,240,580.757963
2.914703,53,581.297689
12.774837,240,581.938955
12.796471,240,582.554132
12.770478,240,583.189834
12.762847,240,583.796368
12.44552,233,584.87334
12.766885,240,585.458602
12.776013,240,586.091923
12.766486,240,587.490004
12.765111,240,588.127228
12.770935,240,588.727092
3.51278,61,589.307538
12.767652,240,589.90935
1.60567,32,590.481492
12.771726,240,591.079903
12.772189,240,592.217109
2.06,40,592.786504
12.7664,240,593.413272
12.771682,240,594.015437
12.775442,240,594.64993
12.766289,240,595.248628
2.782725,48,595.807661
12.770677,240,596.414933
1.577016,27,596.951601
1.821752,30,597.519491
12.771005,240,598.127138
12.783539,240,598.751192
12.766165,240,599.940184
6.627495,122,600.500258
12.760034,240,601.102501
12.779428,240,601.738575
12.766142,240,602.338352
12.763393,240,602.971132
12.763444,240,603.605171
12.768482,240,604.204949
12.769451,240,605.578144
